<?xml version="1.0" encoding="utf-8"?>
<d2_attribute_mapping_config new_format="true">
	<object_name value=""/>
	<title value=""/>
	<subject value=""/>
	<authors/>
	<keywords/>
	<a_status value=""/>
	<a_content_type value=""/>
	<log_entry value=""/>
	<language_code value=""/>
	<object_type value="d2_attribute_mapping_config"/>
	<lock_config value="F"/>
	<parents_config/>
	<type_name>
		<repeating value="cd_clinical"/>
		<repeating value="cd_clinical_country_info"/>
		<repeating value="cd_clinical_site_info"/>
		<repeating value="cd_clinical_tmf_doc"/>
		<repeating value="cd_clinical_tmf_folder"/>
		<repeating value="cd_clinical_tmf_package"/>
		<repeating value="cd_clinical_trial_info"/>
		<repeating value="cd_clinical_trial_info"/>
		<repeating value="cd_clinical_trial_info"/>
		<repeating value="cd_common_ref_model"/>
		<repeating value="cd_content_template"/>
		<repeating value="cd_controlled_doc"/>
		<repeating value="cd_controlled_doc"/>
		<repeating value="cd_controlled_doc"/>
		<repeating value="cd_controlled_doc"/>
		<repeating value="cd_controlled_doc"/>
		<repeating value="cd_controlled_doc"/>
		<repeating value="cd_controlled_doc"/>
		<repeating value="cd_controlled_doc"/>
		<repeating value="cd_controlled_print"/>
		<repeating value="cd_controlled_print"/>
		<repeating value="cd_controlled_print"/>
		<repeating value="cd_controlled_print"/>
		<repeating value="cd_controlled_print"/>
		<repeating value="cd_controlled_print"/>
		<repeating value="cd_issued_print"/>
		<repeating value="cd_issued_print"/>
		<repeating value="cd_issued_print"/>
		<repeating value="cd_issued_print"/>
		<repeating value="cd_issued_print"/>
		<repeating value="cd_issued_print_request"/>
		<repeating value="cd_issued_print_request"/>
		<repeating value="cd_issued_print_request"/>
		<repeating value="cd_non_clinical"/>
		<repeating value="cd_quality"/>
		<repeating value="cd_quality_gmp_approved"/>
		<repeating value="cd_quality_gmp_effective"/>
		<repeating value="cd_reg_admin"/>
		<repeating value="cd_reg_correspondence"/>
		<repeating value="cd_safety"/>
		<repeating value="cd_submission_element"/>
	</type_name>
	<attr_name>
		<repeating value="a_status"/>
		<repeating value="current_stage"/>
		<repeating value="current_stage"/>
		<repeating value="a_status"/>
		<repeating value="a_status"/>
		<repeating value="a_status"/>
		<repeating value="a_status"/>
		<repeating value="current_stage"/>
		<repeating value="log_entry"/>
		<repeating value="a_status"/>
		<repeating value="a_status"/>
		<repeating value="a_status"/>
		<repeating value="archive_primary_state"/>
		<repeating value="archive_secondary_state"/>
		<repeating value="object_name"/>
		<repeating value="r_modifier"/>
		<repeating value="r_modify_date"/>
		<repeating value="r_version_label"/>
		<repeating value="title"/>
		<repeating value="cancel_requested_reason"/>
		<repeating value="otos_job_status"/>
		<repeating value="print_location"/>
		<repeating value="print_site"/>
		<repeating value="printer"/>
		<repeating value="recalled_reason"/>
		<repeating value="cancel_requested_reason"/>
		<repeating value="otos_job_status"/>
		<repeating value="print_location"/>
		<repeating value="print_site"/>
		<repeating value="printer"/>
		<repeating value="print_location"/>
		<repeating value="print_site"/>
		<repeating value="printer"/>
		<repeating value="a_status"/>
		<repeating value="a_status"/>
		<repeating value="a_status"/>
		<repeating value="a_status"/>
		<repeating value="a_status"/>
		<repeating value="a_status"/>
		<repeating value="a_status"/>
		<repeating value="a_status"/>
	</attr_name>
	<dictionary_name>
		<repeating value="Domain Document Status Display"/>
		<repeating value="TMF Country-level Stages"/>
		<repeating value="TMF Site-level Stages"/>
		<repeating value="Domain Document Status Display"/>
		<repeating value="TMF Document Status"/>
		<repeating value="TMF Document Status"/>
		<repeating value="TMF Trial Status Codes"/>
		<repeating value="TMF Trial-level Stages"/>
		<repeating value=""/>
		<repeating value="Domain Document Status Display"/>
		<repeating value="Domain Document Status Display"/>
		<repeating value="Domain Document Status Display"/>
		<repeating value="ArchiveStateLabels"/>
		<repeating value="ArchiveStateLabels"/>
		<repeating value=""/>
		<repeating value=""/>
		<repeating value=""/>
		<repeating value=""/>
		<repeating value=""/>
		<repeating value="Print Cancellation Reasons"/>
		<repeating value="Output Server Print Job Status"/>
		<repeating value="Print Locations"/>
		<repeating value="GMP Applicable Sites"/>
		<repeating value="Controlled Print Approved Printers"/>
		<repeating value="Controlled Print Recall Reason"/>
		<repeating value="Print Cancellation Reasons"/>
		<repeating value="Output Server Print Job Status"/>
		<repeating value="Print Locations"/>
		<repeating value="GMP Applicable Sites"/>
		<repeating value="Controlled Print Approved Printers"/>
		<repeating value="Print Locations"/>
		<repeating value="GMP Applicable Sites"/>
		<repeating value="Controlled Print Approved Printers"/>
		<repeating value="Domain Document Status Display"/>
		<repeating value="Domain Document Status Display"/>
		<repeating value="Domain Document Status Display"/>
		<repeating value="Domain Document Status Display"/>
		<repeating value="Domain Document Status Display"/>
		<repeating value="Domain Document Status Display"/>
		<repeating value="Domain Document Status Display"/>
		<repeating value="Domain Document Status Display"/>
	</dictionary_name>
	<alias_locale_name>
		<repeating value="cd_clinical"/>
		<repeating value="auto"/>
		<repeating value="auto"/>
		<repeating value="cd_clinical_tmf_doc"/>
		<repeating value="auto"/>
		<repeating value="auto"/>
		<repeating value="Label"/>
		<repeating value="auto"/>
		<repeating value=""/>
		<repeating value="generic"/>
		<repeating value="cd_content_template"/>
		<repeating value="generic"/>
		<repeating value="auto"/>
		<repeating value="auto"/>
		<repeating value=""/>
		<repeating value=""/>
		<repeating value=""/>
		<repeating value=""/>
		<repeating value=""/>
		<repeating value="auto"/>
		<repeating value="auto"/>
		<repeating value="auto"/>
		<repeating value="auto"/>
		<repeating value="auto"/>
		<repeating value="auto"/>
		<repeating value="auto"/>
		<repeating value="auto"/>
		<repeating value="auto"/>
		<repeating value="auto"/>
		<repeating value="auto"/>
		<repeating value="auto"/>
		<repeating value="auto"/>
		<repeating value="auto"/>
		<repeating value="cd_non_clinical"/>
		<repeating value="cd_quality"/>
		<repeating value="cd_quality_gmp_approved"/>
		<repeating value="cd_quality_gmp_effective"/>
		<repeating value="cd_reg_admin"/>
		<repeating value="cd_reg_correspondence"/>
		<repeating value="cd_safety"/>
		<repeating value="cd_submission_element"/>
	</alias_locale_name>
</d2_attribute_mapping_config>