<?xml version="1.0" encoding="utf-8"?>
<c2_watermark_text new_format="true">
	<object_name value="Lifecycle Status"/>
	<title value=""/>
	<subject value=""/>
	<authors/>
	<keywords/>
	<a_status value=""/>
	<a_content_type value="xml"/>
	<log_entry value=""/>
	<language_code value=""/>
	<opacity value="35"/>
	<vertical_align value="CENTER"/>
	<horizontal_align value="CENTER"/>
	<font_color value="#FF0000"/>
	<font_size value="60"/>
	<rotation value="54.7"/>
	<font_name value="helvetica-bold"/>
	<text_value value="$value(a_status.Domain Status DQL Dictionary.display_value)"/>
</c2_watermark_text>