<?xml version="1.0" encoding="utf-8"?>
<c2_watermark_text new_format="true">
	<object_name value="TimeStamp"/>
	<title value=""/>
	<subject value=""/>
	<authors/>
	<keywords/>
	<a_status value=""/>
	<a_content_type value="xml"/>
	<log_entry value=""/>
	<language_code value=""/>
	<opacity value="50"/>
	<vertical_align value="BOTTOM"/>
	<horizontal_align value="CENTER"/>
	<font_color value="#000000"/>
	<font_size value="20"/>
	<rotation value="0"/>
	<font_name value="helvetica"/>
	<text_value value="$NOW"/>
</c2_watermark_text>