<?xml version="1.0" encoding="utf-8"?>
<c2_xsl new_format="true">
	<object_name value="AuditReport.xsl"/>
	<title value=""/>
	<subject value=""/>
	<authors/>
	<keywords/>
	<a_status value=""/>
	<a_content_type value="xslfo"/>
	<log_entry value=""/>
	<language_code value=""/>
	<dql_query>
		<repeating value="select object_name,i_chronicle_id from cd_controlled_doc where r_object_id = '$value(r_object_id)'"/>
		<repeating value="select event_name, user_name, time_stamp, string_1, string_2, string_3, string_4, string_5, version_label, attribute_list, object_name, attribute_list_id from dm_audittrail where  chronicle_id ='$value(i_chronicle_id)' order by time_stamp asc"/>
		<repeating value="select r_object_id, attribute_list, i_position from dmi_audittrail_attrs where r_object_id in (select attribute_list_id from dm_audittrail where chronicle_id = '$value(i_chronicle_id)') order by i_position desc enable (row_based)"/>
	</dql_query>
</c2_xsl>