<?xml version="1.0" encoding="utf-8"?>
<c2_xsl new_format="true">
	<object_name value="history.xsl"/>
	<title value=""/>
	<subject value=""/>
	<authors/>
	<keywords/>
	<a_status value=""/>
	<a_content_type value="xslfo"/>
	<log_entry value=""/>
	<language_code value=""/>
	<dql_query>
		<repeating value="select r_object_id, r_version_label, datetostring(r_modify_date, 'dd/mm/yyyy') as r_modify_date, log_entry from dm_sysobject(all) where i_chronicle_id = '$value(i_chronicle_id)' and r_object_id &lt;= '$value(r_object_id)' order by r_modify_date desc"/>
	</dql_query>
</c2_xsl>