<?xml version="1.0" encoding="utf-8"?>
<c2_xsl new_format="true">
	<object_name value="signature.xsl"/>
	<title value=""/>
	<subject value=""/>
	<authors/>
	<keywords/>
	<a_status value=""/>
	<a_content_type value="xslfo"/>
	<log_entry value="Added xsl:sort"/>
	<language_code value=""/>
	<dql_query>
		<repeating value="select datetostring(a.time_stamp,'dd-mon-yyyy hh:mi:ss') as time_stamp, a.user_name, a.string_2 as reason, d.r_version_label as version_label from dm_audittrail a, dm_sysobject(all) d where (a.audited_obj_id = '$value(r_object_id)' or a.audited_obj_id in (select parent_id from dm_relation where relation_name = 'Implied Approvals' and child_id = '$value(i_chronicle_id)' and child_label in ($repeatingvalue(r_version_label)))) and a.event_name = 'd2_workflow_signoff' and a.string_2 not in (select distinct object_name from d2_dictionary_value where dictionary_name in ('Periodic Review Intention Codes', 'TBR Electronic Signature Reason Codes', 'Withdrawal Intention Codes')) and a.audited_obj_id = d.r_object_id and d.i_position = -1 order by 1, 2 enable(row_based)"/>
	</dql_query>
</c2_xsl>