<?xml version="1.0" encoding="utf-8"?>
<D2-API>
	<project.version>21.2.0000</project.version>
	<build>254</build>
	<custom_config>false</custom_config>
	<application>Elements without application</application>
	<export_sequence>
		<_docapps_/>
		<d2_dictionary/>
		<d2_taxonomy/>
		<d2_options/>
		<d2_template/>
		<d2_application/>
		<d2_attribute_mapping_config/>
		<d2_default_value_config/>
		<d2_mail_attachment_config/>
		<d2_register_config/>
		<d2_user_config/>
		<d2_menus_config>
			<d2_menu_config/>
		</d2_menus_config>
		<d2_portalmenus_config>
			<d2_portalmenu_config/>
		</d2_portalmenus_config>
		<u4_menus_config>
			<u4_menu_config/>
		</u4_menus_config>
		<d2_toolbars_config>
			<d2_toolbar_config/>
		</d2_toolbars_config>
		<d2_treeview_config>
			<d2_treeview_item_config/>
		</d2_treeview_config>
		<d2_font_config/>
		<d2_image/>
		<u4_landing/>
		<x3_image/>
		<x3_space/>
		<x3_widget_config_file/>
		<d2_relation_config/>
		<d2_query_config/>
		<d2_dctmaudit_config/>
		<d2_brava_i_viewer/>
		<d2_mail_config/>
		<d2_specifications/>
		<d2c_preferences/>
		<cd_controlledprint_profiles/>
		<d2_acl_config/>
		<d2_audit_config/>
		<d2_bocs_precache_config/>
		<d2_checkin_config/>
		<d2_checkout_config/>
		<d2_convert_config/>
		<d2_filter_config/>
		<d2_inheritance_config/>
		<d2_link_config/>
		<d2_linked_document_config/>
		<d2_mass_update_config/>
		<d2_naming_config/>
		<d2_pdfrender_config/>
		<d2_plugin_config/>
		<d2_preset_config/>
		<d2_qrcode_data_extractor/>
		<d2_search_config/>
		<d2_skin_config/>
		<d2_structure_config/>
		<d2_template_config/>
		<d2_uniqueness_config/>
		<d2_user_preferences_config/>
		<d2_vdtemplate_config/>
		<o2_attribute_config/>
		<u4_landing_config/>
		<u4_theme_config/>
		<x3_content_assist_config/>
		<x3_graphic_config/>
		<x3_skin_config/>
		<x3_space_config/>
		<x3_widget_config/>
		<c2_export_config/>
		<c2_print_config/>
		<c2_rendition_config/>
		<c2_view_config/>
		<d2_distribution_config/>
		<d2_lifecycle_batch_config/>
		<d2_lifecycle_config/>
		<d2_mailing_config/>
		<d2_property_config/>
		<d2_queryform_config/>
		<d2_sendmail_config/>
		<d2_subscription_config/>
		<d2_workflow_config/>
		<d2c_query/>
		<d2c_query_dql/>
		<d2c_query_form/>
		<d2c_query_opensearch/>
		<d2c_query_wizard/>
		<d2_create_config/>
		<d2_extended_create_config/>
		<c2_layer/>
		<c2_merge/>
		<c2_toc/>
		<c2_watermark/>
		<c2_watermark_text/>
		<c2_xsl/>
		<c2_options/>
		<cd_cp_overlay/>
		<cd_cp_coverpage/>
		<d2_bin_options/>
		<x3_options/>
		<o2_options/>
		<d2_documentset/>
		<_d2_documentset_switch_/>
	</export_sequence>
</D2-API>