<?xml version="1.0" encoding="utf-8"?>
<d2_mail_config new_format="true">
	<object_name value=""/>
	<title value=""/>
	<subject value=""/>
	<authors/>
	<keywords/>
	<a_status value=""/>
	<a_content_type value="xml"/>
	<log_entry value=""/>
	<language_code value=""/>
	<push_host value=""/>
	<push_port value=""/>
	<push_login value=""/>
	<push_password value=""/>
	<push_ssl_mode value="F"/>
	<pop_ssl_mode value="F"/>
	<pop_host value=""/>
	<pop_port value=""/>
	<pop_accept_login value=""/>
	<pop_accept_password value=""/>
	<pop_reject_login value=""/>
	<pop_reject_password value=""/>
	<pop_protocol value=""/>
	<push_protocol value=""/>
	<from_address value=""/>
	<from_name value=""/>
	<accept_address value=""/>
	<reject_address value=""/>
	<admin_address value=""/>
	<sendback_mail_error value="F"/>
	<mail_history value="F"/>
	<lock_config value="F"/>
</d2_mail_config>