<?xml version="1.0" encoding="utf-8"?>
<d2c_preferences new_format="true">
	<object_name value="Default"/>
	<title value="d2c_preferences"/>
	<subject value=""/>
	<authors/>
	<keywords/>
	<a_status value=""/>
	<a_content_type value=""/>
	<log_entry value=""/>
	<language_code value=""/>
	<order_col_type>
		<repeating value="node_inbox_tasks"/>
		<repeating value="detail_audits"/>
		<repeating value="detail_workflow_relations"/>
		<repeating value="detail_snapshots"/>
		<repeating value="detail_audits_extended"/>
		<repeating value="detail_relations"/>
	</order_col_type>
	<order_direction>
		<repeating value="desc"/>
		<repeating value="Desc"/>
		<repeating value="Asc"/>
		<repeating value="Desc"/>
		<repeating value="Desc"/>
		<repeating value="Asc"/>
	</order_direction>
	<order_attr_name>
		<repeating value="date_sent"/>
		<repeating value="time_stamp"/>
		<repeating value="relation_name"/>
		<repeating value="r_creation_date"/>
		<repeating value="time_stamp"/>
		<repeating value="relation_name"/>
	</order_attr_name>
	<col_name>
		<repeating value="object_name"/>
		<repeating value="object_name"/>
		<repeating value="object_name"/>
		<repeating value="title"/>
		<repeating value="a_status"/>
		<repeating value="r_modify_date"/>
		<repeating value="r_modifier"/>
		<repeating value="def_of_validity"/>
		<repeating value="object_name"/>
		<repeating value="dest_doc_version"/>
		<repeating value="src_page"/>
		<repeating value="dest_page"/>
		<repeating value="link_id"/>
		<repeating value="task_subject"/>
		<repeating value="sent_by"/>
		<repeating value="date_sent"/>
		<repeating value="due_date"/>
		<repeating value="priority"/>
		<repeating value="supervisor_name"/>
		<repeating value="object_name"/>
		<repeating value="title"/>
		<repeating value="security_group"/>
		<repeating value="object_name"/>
		<repeating value="title"/>
		<repeating value="object_name"/>
		<repeating value="title"/>
		<repeating value="a_status"/>
		<repeating value="r_modify_date"/>
		<repeating value="r_modifier"/>
		<repeating value="object_name"/>
		<repeating value="title"/>
		<repeating value="a_status"/>
		<repeating value="r_modify_date"/>
		<repeating value="r_modifier"/>
		<repeating value="object_name"/>
		<repeating value="user_address"/>
		<repeating value="client_capability"/>
		<repeating value="user_privileges"/>
		<repeating value="user_state"/>
		<repeating value="a_content_type"/>
		<repeating value="page_modifier"/>
		<repeating value="full_content_size"/>
		<repeating value="set_time"/>
		<repeating value="#dmr_content.content_attr_name.content_attr_value.parking_server_name"/>
		<repeating value="object_name"/>
		<repeating value="title"/>
		<repeating value="a_status"/>
		<repeating value="r_modify_date"/>
		<repeating value="r_modifier"/>
		<repeating value="event_name"/>
		<repeating value="user_name"/>
		<repeating value="time_stamp"/>
		<repeating value="version_label"/>
		<repeating value="string_1"/>
		<repeating value="string_2"/>
		<repeating value="string_3"/>
		<repeating value="string_4"/>
		<repeating value="string_5"/>
		<repeating value="attribute_list"/>
		<repeating value="attribute_list_old"/>
		<repeating value="task_subject"/>
		<repeating value="user_name"/>
		<repeating value="task_details"/>
		<repeating value="task_state"/>
		<repeating value="date_sent"/>
		<repeating value="due_date"/>
		<repeating value="object_name"/>
		<repeating value="phase_name"/>
		<repeating value="entry_date"/>
		<repeating value="event_date"/>
		<repeating value="global_event_date"/>
		<repeating value="qualification_date"/>
		<repeating value="object_name"/>
		<repeating value="nbpages"/>
		<repeating value="size"/>
		<repeating value="title"/>
		<repeating value="a_status"/>
		<repeating value="r_modify_date"/>
		<repeating value="r_modifier"/>
		<repeating value="object_name"/>
		<repeating value="user_to"/>
		<repeating value="date_begin"/>
		<repeating value="date_end"/>
		<repeating value="delegation_state"/>
		<repeating value="workflows"/>
		<repeating value="description"/>
		<repeating value="object_name"/>
		<repeating value="title"/>
		<repeating value="a_status"/>
		<repeating value="r_lock_date"/>
		<repeating value="r_lock_machine"/>
		<repeating value="relation_from"/>
		<repeating value="relation_name"/>
		<repeating value="object_name"/>
		<repeating value="relation_description"/>
		<repeating value="r_modify_date"/>
		<repeating value="r_modifier"/>
		<repeating value="object_name"/>
		<repeating value="r_modify_date"/>
		<repeating value="object_name"/>
		<repeating value="r_creation_date"/>
		<repeating value="title"/>
		<repeating value="object_name"/>
		<repeating value="description"/>
		<repeating value="group_admin"/>
		<repeating value="object_name"/>
		<repeating value="title"/>
		<repeating value="a_status"/>
		<repeating value="r_modify_date"/>
		<repeating value="r_modifier"/>
		<repeating value="object_name"/>
		<repeating value="title"/>
		<repeating value="a_status"/>
		<repeating value="a_content_type"/>
		<repeating value="d2c_bin_deleted_document.deleted_folder_path"/>
		<repeating value="r_creation_date"/>
		<repeating value="object_name"/>
		<repeating value="performer_label"/>
		<repeating value="performer_type"/>
		<repeating value="performer_value"/>
		<repeating value="note_date"/>
		<repeating value="note_by"/>
		<repeating value="note_text"/>
		<repeating value="task_subject"/>
		<repeating value="user_name"/>
		<repeating value="task_details"/>
		<repeating value="task_state"/>
		<repeating value="date_sent"/>
		<repeating value="due_date"/>
		<repeating value="task_name"/>
		<repeating value="event"/>
		<repeating value="name"/>
		<repeating value="sent_by"/>
		<repeating value="date_sent"/>
		<repeating value="due_date"/>
		<repeating value="time_stamp"/>
		<repeating value="user_name"/>
		<repeating value="version_label"/>
		<repeating value="event_name"/>
		<repeating value="object_name"/>
		<repeating value="title"/>
		<repeating value="subject"/>
		<repeating value="description"/>
		<repeating value="object_name"/>
		<repeating value="title"/>
		<repeating value="a_status"/>
		<repeating value="r_modify_date"/>
		<repeating value="r_modifier"/>
		<repeating value="relation_name"/>
		<repeating value="object_name"/>
		<repeating value="relation_description"/>
		<repeating value="r_modify_date"/>
		<repeating value="r_modifier"/>
		<repeating value="object_name"/>
		<repeating value="object_name"/>
		<repeating value="r_version_label"/>
		<repeating value="r_creation_date"/>
		<repeating value="log_entry"/>
		<repeating value="object_name"/>
		<repeating value="object_name"/>
		<repeating value="title"/>
		<repeating value="a_status"/>
		<repeating value="r_modify_date"/>
		<repeating value="r_modifier"/>
		<repeating value="object_name"/>
		<repeating value="r_version_label"/>
		<repeating value="r_modify_date"/>
		<repeating value="r_modifier"/>
		<repeating value="log_entry"/>
		<repeating value="object_name"/>
		<repeating value="r_folder_path"/>
		<repeating value="object_name"/>
		<repeating value="title"/>
		<repeating value="a_status"/>
		<repeating value="r_modify_date"/>
		<repeating value="r_modifier"/>
		<repeating value="distribution_state"/>
		<repeating value="object_name"/>
		<repeating value="title"/>
		<repeating value="event"/>
		<repeating value="item_name"/>
		<repeating value="sent_by"/>
		<repeating value="date_sent"/>
		<repeating value="object_name"/>
		<repeating value="title"/>
		<repeating value="security_group"/>
		<repeating value="object_name"/>
		<repeating value="title"/>
		<repeating value="a_status"/>
		<repeating value="r_modify_date"/>
		<repeating value="r_modifier"/>
		<repeating value="object_name"/>
		<repeating value="status"/>
		<repeating value="creation_date"/>
		<repeating value="result_count"/>
		<repeating value="complete_date"/>
		<repeating value="object_name"/>
		<repeating value="r_version_label"/>
		<repeating value="title"/>
		<repeating value="a_status"/>
		<repeating value="r_modify_date"/>
		<repeating value="r_modifier"/>
		<repeating value="object_name"/>
		<repeating value="r_version_label"/>
		<repeating value="title"/>
		<repeating value="a_status"/>
		<repeating value="r_modify_date"/>
		<repeating value="r_modifier"/>
		<repeating value="object_name"/>
		<repeating value="r_version_label"/>
		<repeating value="title"/>
		<repeating value="a_status"/>
		<repeating value="r_modify_date"/>
		<repeating value="r_modifier"/>
		<repeating value="cd_common_ref_model.artifact_name"/>
		<repeating value="cd_clinical_tmf_doc.tmf_scope"/>
		<repeating value="r_creation_date"/>
		<repeating value="r_modify_date"/>
		<repeating value="a_status"/>
		<repeating value="cd_common_ref_model.artifact_name"/>
		<repeating value="title"/>
		<repeating value="a_status"/>
		<repeating value="r_modify_date"/>
		<repeating value="r_modifier"/>
		<repeating value="cd_clinical_tmf_doc.planned_doc_count"/>
		<repeating value="cd_clinical_tmf_doc.expected_doc_count"/>
		<repeating value="cd_common_ref_model.artifact_name"/>
		<repeating value="object_name"/>
		<repeating value="cd_reg_submission_info.submission_file_count"/>
		<repeating value="cd_reg_submission_info.submission_file_size_mb_str"/>
		<repeating value="cd_reg_correspondence.correspondence_date"/>
		<repeating value="cd_reg_correspondence.response_due_date"/>
		<repeating value="r_modifier"/>
		<repeating value="r_modify_date"/>
		<repeating value="relation_name"/>
		<repeating value="relation_description"/>
		<repeating value="object_name"/>
		<repeating value="r_version_label"/>
		<repeating value="title"/>
		<repeating value="a_status"/>
		<repeating value="r_modifier"/>
		<repeating value="r_modify_date"/>
		<repeating value="object_name"/>
		<repeating value="r_version_label"/>
		<repeating value="title"/>
		<repeating value="a_status"/>
		<repeating value="r_modifier"/>
		<repeating value="r_modify_date"/>
		<repeating value="object_name"/>
		<repeating value="r_version_label"/>
		<repeating value="title"/>
		<repeating value="a_status"/>
		<repeating value="r_modifier"/>
		<repeating value="r_modify_date"/>
		<repeating value="object_name"/>
		<repeating value="title"/>
		<repeating value="cd_common_ref_model.domain"/>
		<repeating value="cd_common_ref_model.product_code"/>
		<repeating value="cd_common_ref_model.r_version_label"/>
		<repeating value="a_status"/>
		<repeating value="r_modify_date"/>
		<repeating value="r_modifier"/>
		<repeating value="cd_training_record.user_name"/>
		<repeating value="cd_training_record.document_name"/>
		<repeating value="cd_training_record.document_title"/>
		<repeating value="cd_training_record.a_status"/>
		<repeating value="cd_training_record.training_started_date"/>
		<repeating value="cd_training_record.is_overdue"/>
		<repeating value="cd_training_record.training_due_date"/>
		<repeating value="cd_training_record.document_name"/>
		<repeating value="cd_training_record.document_title"/>
		<repeating value="cd_training_record.a_status"/>
		<repeating value="cd_training_record.training_started_date"/>
		<repeating value="cd_training_record.is_overdue"/>
		<repeating value="cd_training_record.training_due_date"/>
		<repeating value="object_name"/>
		<repeating value="r_version_label"/>
		<repeating value="title"/>
		<repeating value="a_status"/>
		<repeating value="r_modify_date"/>
		<repeating value="r_modifier"/>
		<repeating value="relation_name"/>
		<repeating value="object_name"/>
		<repeating value="r_version_label"/>
		<repeating value="title"/>
		<repeating value="a_status"/>
		<repeating value="r_modify_date"/>
		<repeating value="r_modifier"/>
		<repeating value="relation_description"/>
		<repeating value="object_name"/>
		<repeating value="supervisor_name"/>
		<repeating value="wf_state"/>
		<repeating value="due_date"/>
		<repeating value="r_start_date"/>
		<repeating value="wf_end_date"/>
	</col_name>
	<col_width>
		<repeating value="170"/>
		<repeating value="170"/>
		<repeating value="170"/>
		<repeating value="170"/>
		<repeating value="100"/>
		<repeating value="170"/>
		<repeating value="170"/>
		<repeating value="120"/>
		<repeating value="120"/>
		<repeating value="60"/>
		<repeating value="80"/>
		<repeating value="80"/>
		<repeating value="80"/>
		<repeating value="300"/>
		<repeating value="150"/>
		<repeating value="130"/>
		<repeating value="130"/>
		<repeating value="40"/>
		<repeating value="150"/>
		<repeating value="170"/>
		<repeating value="340"/>
		<repeating value="170"/>
		<repeating value="170"/>
		<repeating value="300"/>
		<repeating value="170"/>
		<repeating value="170"/>
		<repeating value="100"/>
		<repeating value="170"/>
		<repeating value="170"/>
		<repeating value="170"/>
		<repeating value="170"/>
		<repeating value="100"/>
		<repeating value="170"/>
		<repeating value="170"/>
		<repeating value="170"/>
		<repeating value="170"/>
		<repeating value="170"/>
		<repeating value="170"/>
		<repeating value="170"/>
		<repeating value="170"/>
		<repeating value="170"/>
		<repeating value="170"/>
		<repeating value="170"/>
		<repeating value="170"/>
		<repeating value="170"/>
		<repeating value="170"/>
		<repeating value="100"/>
		<repeating value="170"/>
		<repeating value="170"/>
		<repeating value="110"/>
		<repeating value="110"/>
		<repeating value="115"/>
		<repeating value="35"/>
		<repeating value="110"/>
		<repeating value="110"/>
		<repeating value="110"/>
		<repeating value="110"/>
		<repeating value="110"/>
		<repeating value="400"/>
		<repeating value="400"/>
		<repeating value="220"/>
		<repeating value="120"/>
		<repeating value="120"/>
		<repeating value="120"/>
		<repeating value="120"/>
		<repeating value="120"/>
		<repeating value="170"/>
		<repeating value="170"/>
		<repeating value="170"/>
		<repeating value="170"/>
		<repeating value="170"/>
		<repeating value="170"/>
		<repeating value="170"/>
		<repeating value="70"/>
		<repeating value="50"/>
		<repeating value="170"/>
		<repeating value="100"/>
		<repeating value="170"/>
		<repeating value="170"/>
		<repeating value="110"/>
		<repeating value="110"/>
		<repeating value="170"/>
		<repeating value="170"/>
		<repeating value="100"/>
		<repeating value="200"/>
		<repeating value="200"/>
		<repeating value="170"/>
		<repeating value="170"/>
		<repeating value="100"/>
		<repeating value="170"/>
		<repeating value="170"/>
		<repeating value="170"/>
		<repeating value="170"/>
		<repeating value="170"/>
		<repeating value="170"/>
		<repeating value="170"/>
		<repeating value="170"/>
		<repeating value="170"/>
		<repeating value="170"/>
		<repeating value="170"/>
		<repeating value="170"/>
		<repeating value="250"/>
		<repeating value="170"/>
		<repeating value="400"/>
		<repeating value="170"/>
		<repeating value="170"/>
		<repeating value="170"/>
		<repeating value="100"/>
		<repeating value="170"/>
		<repeating value="170"/>
		<repeating value="170"/>
		<repeating value="170"/>
		<repeating value="100"/>
		<repeating value="100"/>
		<repeating value="170"/>
		<repeating value="170"/>
		<repeating value="170"/>
		<repeating value="170"/>
		<repeating value="170"/>
		<repeating value="300"/>
		<repeating value="170"/>
		<repeating value="170"/>
		<repeating value="300"/>
		<repeating value="220"/>
		<repeating value="120"/>
		<repeating value="120"/>
		<repeating value="120"/>
		<repeating value="120"/>
		<repeating value="120"/>
		<repeating value="170"/>
		<repeating value="170"/>
		<repeating value="100"/>
		<repeating value="100"/>
		<repeating value="130"/>
		<repeating value="130"/>
		<repeating value="120"/>
		<repeating value="120"/>
		<repeating value="35"/>
		<repeating value="500"/>
		<repeating value="180"/>
		<repeating value="100"/>
		<repeating value="200"/>
		<repeating value="480"/>
		<repeating value="170"/>
		<repeating value="170"/>
		<repeating value="100"/>
		<repeating value="170"/>
		<repeating value="170"/>
		<repeating value="170"/>
		<repeating value="170"/>
		<repeating value="170"/>
		<repeating value="170"/>
		<repeating value="170"/>
		<repeating value="170"/>
		<repeating value="120"/>
		<repeating value="120"/>
		<repeating value="120"/>
		<repeating value="170"/>
		<repeating value="170"/>
		<repeating value="170"/>
		<repeating value="170"/>
		<repeating value="100"/>
		<repeating value="170"/>
		<repeating value="170"/>
		<repeating value="170"/>
		<repeating value="170"/>
		<repeating value="170"/>
		<repeating value="170"/>
		<repeating value="170"/>
		<repeating value="170"/>
		<repeating value="170"/>
		<repeating value="170"/>
		<repeating value="170"/>
		<repeating value="100"/>
		<repeating value="170"/>
		<repeating value="170"/>
		<repeating value="50"/>
		<repeating value="170"/>
		<repeating value="170"/>
		<repeating value="250"/>
		<repeating value="150"/>
		<repeating value="150"/>
		<repeating value="130"/>
		<repeating value="170"/>
		<repeating value="400"/>
		<repeating value="170"/>
		<repeating value="170"/>
		<repeating value="170"/>
		<repeating value="100"/>
		<repeating value="170"/>
		<repeating value="170"/>
		<repeating value="100"/>
		<repeating value="170"/>
		<repeating value="100"/>
		<repeating value="100"/>
		<repeating value="100"/>
		<repeating value="170"/>
		<repeating value="170"/>
		<repeating value="170"/>
		<repeating value="100"/>
		<repeating value="170"/>
		<repeating value="170"/>
		<repeating value="170"/>
		<repeating value="170"/>
		<repeating value="170"/>
		<repeating value="100"/>
		<repeating value="170"/>
		<repeating value="170"/>
		<repeating value="170"/>
		<repeating value="170"/>
		<repeating value="170"/>
		<repeating value="100"/>
		<repeating value="170"/>
		<repeating value="170"/>
		<repeating value="170"/>
		<repeating value="170"/>
		<repeating value="170"/>
		<repeating value="170"/>
		<repeating value="100"/>
		<repeating value="170"/>
		<repeating value="170"/>
		<repeating value="100"/>
		<repeating value="170"/>
		<repeating value="170"/>
		<repeating value="170"/>
		<repeating value="170"/>
		<repeating value="170"/>
		<repeating value="170"/>
		<repeating value="170"/>
		<repeating value="170"/>
		<repeating value="170"/>
		<repeating value="170"/>
		<repeating value="170"/>
		<repeating value="170"/>
		<repeating value="170"/>
		<repeating value="170"/>
		<repeating value="170"/>
		<repeating value="170"/>
		<repeating value="170"/>
		<repeating value="100"/>
		<repeating value="170"/>
		<repeating value="170"/>
		<repeating value="170"/>
		<repeating value="170"/>
		<repeating value="170"/>
		<repeating value="100"/>
		<repeating value="170"/>
		<repeating value="170"/>
		<repeating value="170"/>
		<repeating value="170"/>
		<repeating value="170"/>
		<repeating value="100"/>
		<repeating value="170"/>
		<repeating value="170"/>
		<repeating value="170"/>
		<repeating value="170"/>
		<repeating value="170"/>
		<repeating value="170"/>
		<repeating value="170"/>
		<repeating value="100"/>
		<repeating value="170"/>
		<repeating value="170"/>
		<repeating value="170"/>
		<repeating value="170"/>
		<repeating value="170"/>
		<repeating value="170"/>
		<repeating value="170"/>
		<repeating value="170"/>
		<repeating value="170"/>
		<repeating value="170"/>
		<repeating value="170"/>
		<repeating value="170"/>
		<repeating value="170"/>
		<repeating value="170"/>
		<repeating value="170"/>
		<repeating value="170"/>
		<repeating value="170"/>
		<repeating value="170"/>
		<repeating value="100"/>
		<repeating value="170"/>
		<repeating value="170"/>
		<repeating value="170"/>
		<repeating value="170"/>
		<repeating value="170"/>
		<repeating value="170"/>
		<repeating value="170"/>
		<repeating value="170"/>
		<repeating value="170"/>
		<repeating value="170"/>
		<repeating value="170"/>
		<repeating value="170"/>
		<repeating value="170"/>
		<repeating value="170"/>
		<repeating value="170"/>
		<repeating value="170"/>
	</col_width>
	<col_type>
		<repeating value="node_admin_register_tables"/>
		<repeating value="node_docbase"/>
		<repeating value="d2c_query"/>
		<repeating value="d2c_query"/>
		<repeating value="d2c_query"/>
		<repeating value="d2c_query"/>
		<repeating value="d2c_query"/>
		<repeating value="detail_d2links"/>
		<repeating value="detail_d2links"/>
		<repeating value="detail_d2links"/>
		<repeating value="detail_d2links"/>
		<repeating value="detail_d2links"/>
		<repeating value="detail_d2links"/>
		<repeating value="node_inbox_tasks"/>
		<repeating value="node_inbox_tasks"/>
		<repeating value="node_inbox_tasks"/>
		<repeating value="node_inbox_tasks"/>
		<repeating value="node_inbox_tasks"/>
		<repeating value="node_inbox_tasks"/>
		<repeating value="node_admin_dictionaries"/>
		<repeating value="node_admin_dictionaries"/>
		<repeating value="node_admin_dictionaries"/>
		<repeating value="detail_markups"/>
		<repeating value="detail_markups"/>
		<repeating value="node_saved_searches"/>
		<repeating value="node_saved_searches"/>
		<repeating value="node_saved_searches"/>
		<repeating value="node_saved_searches"/>
		<repeating value="node_saved_searches"/>
		<repeating value="default"/>
		<repeating value="default"/>
		<repeating value="default"/>
		<repeating value="default"/>
		<repeating value="default"/>
		<repeating value="node_admin_users"/>
		<repeating value="node_admin_users"/>
		<repeating value="node_admin_users"/>
		<repeating value="node_admin_users"/>
		<repeating value="node_admin_users"/>
		<repeating value="detail_renditions"/>
		<repeating value="detail_renditions"/>
		<repeating value="detail_renditions"/>
		<repeating value="detail_renditions"/>
		<repeating value="detail_renditions"/>
		<repeating value="node_favorites"/>
		<repeating value="node_favorites"/>
		<repeating value="node_favorites"/>
		<repeating value="node_favorites"/>
		<repeating value="node_favorites"/>
		<repeating value="detail_audits"/>
		<repeating value="detail_audits"/>
		<repeating value="detail_audits"/>
		<repeating value="detail_audits"/>
		<repeating value="detail_audits"/>
		<repeating value="detail_audits"/>
		<repeating value="detail_audits"/>
		<repeating value="detail_audits"/>
		<repeating value="detail_audits"/>
		<repeating value="detail_audits"/>
		<repeating value="detail_audits"/>
		<repeating value="detail_workflow_manager"/>
		<repeating value="detail_workflow_manager"/>
		<repeating value="detail_workflow_manager"/>
		<repeating value="detail_workflow_manager"/>
		<repeating value="detail_workflow_manager"/>
		<repeating value="detail_workflow_manager"/>
		<repeating value="detail_retentions"/>
		<repeating value="detail_retentions"/>
		<repeating value="detail_retentions"/>
		<repeating value="detail_retentions"/>
		<repeating value="detail_retentions"/>
		<repeating value="detail_retentions"/>
		<repeating value="publish"/>
		<repeating value="publish"/>
		<repeating value="publish"/>
		<repeating value="publish"/>
		<repeating value="publish"/>
		<repeating value="publish"/>
		<repeating value="publish"/>
		<repeating value="node_delegations"/>
		<repeating value="node_delegations"/>
		<repeating value="node_delegations"/>
		<repeating value="node_delegations"/>
		<repeating value="node_delegations"/>
		<repeating value="node_delegations"/>
		<repeating value="node_delegations"/>
		<repeating value="node_checkout"/>
		<repeating value="node_checkout"/>
		<repeating value="node_checkout"/>
		<repeating value="node_checkout"/>
		<repeating value="node_checkout"/>
		<repeating value="detail_workflow_relations"/>
		<repeating value="detail_workflow_relations"/>
		<repeating value="detail_workflow_relations"/>
		<repeating value="detail_workflow_relations"/>
		<repeating value="detail_workflow_relations"/>
		<repeating value="detail_workflow_relations"/>
		<repeating value="node_d2_bin_recycle_bin_list"/>
		<repeating value="node_d2_bin_recycle_bin_list"/>
		<repeating value="detail_snapshots"/>
		<repeating value="detail_snapshots"/>
		<repeating value="detail_snapshots"/>
		<repeating value="node_admin_groups"/>
		<repeating value="node_admin_groups"/>
		<repeating value="node_admin_groups"/>
		<repeating value="node_saved_public_searches"/>
		<repeating value="node_saved_public_searches"/>
		<repeating value="node_saved_public_searches"/>
		<repeating value="node_saved_public_searches"/>
		<repeating value="node_saved_public_searches"/>
		<repeating value="node_d2_bin_recycle_bin"/>
		<repeating value="node_d2_bin_recycle_bin"/>
		<repeating value="node_d2_bin_recycle_bin"/>
		<repeating value="node_d2_bin_recycle_bin"/>
		<repeating value="node_d2_bin_recycle_bin"/>
		<repeating value="node_d2_bin_recycle_bin"/>
		<repeating value="node_admin"/>
		<repeating value="detail_workflow_performers"/>
		<repeating value="detail_workflow_performers"/>
		<repeating value="detail_workflow_performers"/>
		<repeating value="detail_workflow_notes"/>
		<repeating value="detail_workflow_notes"/>
		<repeating value="detail_workflow_notes"/>
		<repeating value="detail_workflow_overview"/>
		<repeating value="detail_workflow_overview"/>
		<repeating value="detail_workflow_overview"/>
		<repeating value="detail_workflow_overview"/>
		<repeating value="detail_workflow_overview"/>
		<repeating value="detail_workflow_overview"/>
		<repeating value="node_inbox"/>
		<repeating value="node_inbox"/>
		<repeating value="node_inbox"/>
		<repeating value="node_inbox"/>
		<repeating value="node_inbox"/>
		<repeating value="node_inbox"/>
		<repeating value="detail_audits_extended"/>
		<repeating value="detail_audits_extended"/>
		<repeating value="detail_audits_extended"/>
		<repeating value="detail_audits_extended"/>
		<repeating value="node_admin_jobs"/>
		<repeating value="node_admin_jobs"/>
		<repeating value="node_admin_jobs"/>
		<repeating value="opensearch"/>
		<repeating value="opensearch"/>
		<repeating value="opensearch"/>
		<repeating value="opensearch"/>
		<repeating value="opensearch"/>
		<repeating value="opensearch"/>
		<repeating value="detail_relations"/>
		<repeating value="detail_relations"/>
		<repeating value="detail_relations"/>
		<repeating value="detail_relations"/>
		<repeating value="detail_relations"/>
		<repeating value="node_distributions"/>
		<repeating value="detail_versions_config"/>
		<repeating value="detail_versions_config"/>
		<repeating value="detail_versions_config"/>
		<repeating value="detail_versions_config"/>
		<repeating value="node_admin_templates"/>
		<repeating value="vd"/>
		<repeating value="vd"/>
		<repeating value="vd"/>
		<repeating value="vd"/>
		<repeating value="vd"/>
		<repeating value="detail_versions"/>
		<repeating value="detail_versions"/>
		<repeating value="detail_versions"/>
		<repeating value="detail_versions"/>
		<repeating value="detail_versions"/>
		<repeating value="detail_locations"/>
		<repeating value="detail_locations"/>
		<repeating value="node_distribution"/>
		<repeating value="node_distribution"/>
		<repeating value="node_distribution"/>
		<repeating value="node_distribution"/>
		<repeating value="node_distribution"/>
		<repeating value="node_distribution"/>
		<repeating value="node_cabinets"/>
		<repeating value="node_cabinets"/>
		<repeating value="node_inbox_notifications"/>
		<repeating value="node_inbox_notifications"/>
		<repeating value="node_inbox_notifications"/>
		<repeating value="node_inbox_notifications"/>
		<repeating value="node_admin_taxonomies"/>
		<repeating value="node_admin_taxonomies"/>
		<repeating value="node_admin_taxonomies"/>
		<repeating value="search"/>
		<repeating value="search"/>
		<repeating value="search"/>
		<repeating value="search"/>
		<repeating value="search"/>
		<repeating value="node_async_searches"/>
		<repeating value="node_async_searches"/>
		<repeating value="node_async_searches"/>
		<repeating value="node_async_searches"/>
		<repeating value="node_async_searches"/>
		<repeating value="WG Doclist eTMF||DoclistWidget||default"/>
		<repeating value="WG Doclist eTMF||DoclistWidget||default"/>
		<repeating value="WG Doclist eTMF||DoclistWidget||default"/>
		<repeating value="WG Doclist eTMF||DoclistWidget||default"/>
		<repeating value="WG Doclist eTMF||DoclistWidget||default"/>
		<repeating value="WG Doclist eTMF||DoclistWidget||default"/>
		<repeating value="WG Doclist RnD||DoclistWidget||default"/>
		<repeating value="WG Doclist RnD||DoclistWidget||default"/>
		<repeating value="WG Doclist RnD||DoclistWidget||default"/>
		<repeating value="WG Doclist RnD||DoclistWidget||default"/>
		<repeating value="WG Doclist RnD||DoclistWidget||default"/>
		<repeating value="WG Doclist RnD||DoclistWidget||default"/>
		<repeating value="WG Doclist SSV||DoclistWidget||default"/>
		<repeating value="WG Doclist SSV||DoclistWidget||default"/>
		<repeating value="WG Doclist SSV||DoclistWidget||default"/>
		<repeating value="WG Doclist SSV||DoclistWidget||default"/>
		<repeating value="WG Doclist SSV||DoclistWidget||default"/>
		<repeating value="WG Doclist SSV||DoclistWidget||default"/>
		<repeating value="WG eTMF Investigator Documents||DoclistWidget||default"/>
		<repeating value="WG eTMF Investigator Documents||DoclistWidget||default"/>
		<repeating value="WG eTMF Investigator Documents||DoclistWidget||default"/>
		<repeating value="WG eTMF Investigator Documents||DoclistWidget||default"/>
		<repeating value="WG eTMF Investigator Documents||DoclistWidget||default"/>
		<repeating value="WG eTMF Investigator Placeholder||DoclistWidget||default"/>
		<repeating value="WG eTMF Investigator Placeholder||DoclistWidget||default"/>
		<repeating value="WG eTMF Investigator Placeholder||DoclistWidget||default"/>
		<repeating value="WG eTMF Investigator Placeholder||DoclistWidget||default"/>
		<repeating value="WG eTMF Investigator Placeholder||DoclistWidget||default"/>
		<repeating value="WG eTMF Investigator Placeholder||DoclistWidget||default"/>
		<repeating value="WG eTMF Investigator Placeholder||DoclistWidget||default"/>
		<repeating value="WG Related Files||DetailsRelationsWidget||detail_relations"/>
		<repeating value="WG Related Files||DetailsRelationsWidget||detail_relations"/>
		<repeating value="WG Related Files||DetailsRelationsWidget||detail_relations"/>
		<repeating value="WG Related Files||DetailsRelationsWidget||detail_relations"/>
		<repeating value="WG Related Files||DetailsRelationsWidget||detail_relations"/>
		<repeating value="WG Related Files||DetailsRelationsWidget||detail_relations"/>
		<repeating value="WG Related Files||DetailsRelationsWidget||detail_relations"/>
		<repeating value="WG Related Files||DetailsRelationsWidget||detail_relations"/>
		<repeating value="WG Related Files||DetailsRelationsWidget||detail_relations"/>
		<repeating value="WG Related Files||DetailsRelationsWidget||detail_relations"/>
		<repeating value="WG Affected Documents||DoclistWidget||default"/>
		<repeating value="WG Affected Documents||DoclistWidget||default"/>
		<repeating value="WG Affected Documents||DoclistWidget||default"/>
		<repeating value="WG Affected Documents||DoclistWidget||default"/>
		<repeating value="WG Affected Documents||DoclistWidget||default"/>
		<repeating value="WG Affected Documents||DoclistWidget||default"/>
		<repeating value="WG Associated Change Request||DoclistWidget||default"/>
		<repeating value="WG Associated Change Request||DoclistWidget||default"/>
		<repeating value="WG Associated Change Request||DoclistWidget||default"/>
		<repeating value="WG Associated Change Request||DoclistWidget||default"/>
		<repeating value="WG Associated Change Request||DoclistWidget||default"/>
		<repeating value="WG Associated Change Request||DoclistWidget||default"/>
		<repeating value="WG Doclist QnM||DoclistWidget||default"/>
		<repeating value="WG Doclist QnM||DoclistWidget||default"/>
		<repeating value="WG Doclist QnM||DoclistWidget||default"/>
		<repeating value="WG Doclist QnM||DoclistWidget||default"/>
		<repeating value="WG Doclist QnM||DoclistWidget||default"/>
		<repeating value="WG Doclist QnM||DoclistWidget||default"/>
		<repeating value="WG Doclist Related R&amp;D Documents||DoclistWidget||default"/>
		<repeating value="WG Doclist Related R&amp;D Documents||DoclistWidget||default"/>
		<repeating value="WG Doclist Related R&amp;D Documents||DoclistWidget||default"/>
		<repeating value="WG Doclist Related R&amp;D Documents||DoclistWidget||default"/>
		<repeating value="WG Doclist Related R&amp;D Documents||DoclistWidget||default"/>
		<repeating value="WG Doclist Related R&amp;D Documents||DoclistWidget||default"/>
		<repeating value="WG Doclist Related R&amp;D Documents||DoclistWidget||default"/>
		<repeating value="WG Doclist Related R&amp;D Documents||DoclistWidget||default"/>
		<repeating value="WG Doclist Training Coordinator||DoclistWidget||default"/>
		<repeating value="WG Doclist Training Coordinator||DoclistWidget||default"/>
		<repeating value="WG Doclist Training Coordinator||DoclistWidget||default"/>
		<repeating value="WG Doclist Training Coordinator||DoclistWidget||default"/>
		<repeating value="WG Doclist Training Coordinator||DoclistWidget||default"/>
		<repeating value="WG Doclist Training Coordinator||DoclistWidget||default"/>
		<repeating value="WG Doclist Training Coordinator||DoclistWidget||default"/>
		<repeating value="WG Doclist Training||DoclistWidget||default"/>
		<repeating value="WG Doclist Training||DoclistWidget||default"/>
		<repeating value="WG Doclist Training||DoclistWidget||default"/>
		<repeating value="WG Doclist Training||DoclistWidget||default"/>
		<repeating value="WG Doclist Training||DoclistWidget||default"/>
		<repeating value="WG Doclist Training||DoclistWidget||default"/>
		<repeating value="WG Doclist||DoclistWidget||default"/>
		<repeating value="WG Doclist||DoclistWidget||default"/>
		<repeating value="WG Doclist||DoclistWidget||default"/>
		<repeating value="WG Doclist||DoclistWidget||default"/>
		<repeating value="WG Doclist||DoclistWidget||default"/>
		<repeating value="WG Doclist||DoclistWidget||default"/>
		<repeating value="WG Relations||DetailsRelationsWidget||detail_relations"/>
		<repeating value="WG Relations||DetailsRelationsWidget||detail_relations"/>
		<repeating value="WG Relations||DetailsRelationsWidget||detail_relations"/>
		<repeating value="WG Relations||DetailsRelationsWidget||detail_relations"/>
		<repeating value="WG Relations||DetailsRelationsWidget||detail_relations"/>
		<repeating value="WG Relations||DetailsRelationsWidget||detail_relations"/>
		<repeating value="WG Relations||DetailsRelationsWidget||detail_relations"/>
		<repeating value="WG Relations||DetailsRelationsWidget||detail_relations"/>
		<repeating value="WG WF Overview||WorkflowOverviewWidget||detail_workflow_overview_sv"/>
		<repeating value="WG WF Overview||WorkflowOverviewWidget||detail_workflow_overview_sv"/>
		<repeating value="WG WF Overview||WorkflowOverviewWidget||detail_workflow_overview_sv"/>
		<repeating value="WG WF Overview||WorkflowOverviewWidget||detail_workflow_overview_sv"/>
		<repeating value="WG WF Overview||WorkflowOverviewWidget||detail_workflow_overview_sv"/>
		<repeating value="WG WF Overview||WorkflowOverviewWidget||detail_workflow_overview_sv"/>
	</col_type>
	<vd_show_number value="F"/>
	<vd_show_version value="F"/>
	<start_treenode value=""/>
	<edit_after_import value="F"/>
	<default_formats>
		<repeating value="illustrator10"/>
		<repeating value="audio"/>
		<repeating value="pdf"/>
		<repeating value="xml"/>
		<repeating value="mbook55"/>
		<repeating value="msw8"/>
		<repeating value="msw8template"/>
		<repeating value="filemakerpro"/>
		<repeating value="html"/>
		<repeating value="jpeg"/>
		<repeating value="ms_access8"/>
		<repeating value="mif55"/>
		<repeating value="mpeg-4v"/>
		<repeating value="ppt8"/>
		<repeating value="photoshop6"/>
		<repeating value="sunshrlib"/>
		<repeating value="crtext"/>
		<repeating value="vsd"/>
		<repeating value="wp10+"/>
		<repeating value="excel8book"/>
		<repeating value="zip"/>
		<repeating value="msg"/>
	</default_formats>
	<show_version value="F"/>
	<order_folder_before value="T"/>
	<filter_name value=""/>
	<hide_folder_main value="F"/>
	<dateformat_locale/>
	<dateformat_datetime/>
	<dateformat_date/>
	<view_mode value=""/>
	<thumbnails_size value="large_jpeg_th"/>
	<thumbnails_format value="jpeg_th"/>
	<last_notification_id value="0000000000000000"/>
	<messaging_enabled value="T"/>
	<messaging_refresh_time value="5"/>
	<default_language value=""/>
	<internal_version value="4_5_0080_build_543"/>
	<animation_disabled value="F"/>
	<pagination_enabled value="F"/>
	<pagination_number value="0"/>
	<hide_vd_tree value="F"/>
	<messaging_email_enabled value="T"/>
	<dateformat_input value=""/>
	<template_view value=""/>
	<sv_accessible_compliant value="F"/>
	<sv_browser_plugin_mode value=""/>
	<sv_task_completion value="2"/>
</d2c_preferences>