<?xml version="1.0" encoding="utf-8"?>
<d2_mail_attachment_config new_format="true">
	<object_name value=""/>
	<title value=""/>
	<subject value=""/>
	<authors/>
	<keywords/>
	<a_status value=""/>
	<a_content_type value=""/>
	<log_entry value=""/>
	<language_code value=""/>
	<object_type value="d2_mail_attachment_config"/>
	<lock_config value="F"/>
	<parents_config/>
	<keep_primary_file value="T"/>
	<eml_rendition value="F"/>
	<excluded_formats/>
	<keep_attachment value="F"/>
	<import_attachments value="T"/>
	<rendition_format value="d2mail"/>
</d2_mail_attachment_config>