<?xml version="1.0" encoding="utf-8"?>
<root xmlns:xsi="http://www.w3.org/2001/XMLSchema-instance" xsi:noNamespaceSchemaLocation="SpaceSchema.xsd">
	<space>
		<border-layout-container>
			<data>
				<border-layout-data layoutregion="WEST" maxSize="500" minSize="150" size="260" split="true"/>
				<border-layout-data layoutregion="CENTER" split="true"/>
				<border-layout-data layoutregion="SOUTH" split="true"/>
				<border-layout-data layoutregion="EAST" maxSize="500" minSize="150" size="480" split="true"/>
			</data>
			<content>
				<widget config="WG Docbase browser"/>
				<tab-container>
					<content>
						<widget config="WG Doclist"/>
						<widget config="WG Thumbnails"/>
					</content>
				</tab-container>
				<tab-container>
					<content>
						<widget config="WG Locations"/>
						<widget config="WG Versions"/>
						<widget config="WG Renditions"/>
						<widget config="WG Relations"/>
						<widget config="WG Audit"/>
					</content>
				</tab-container>
				<tab-container>
					<content>
						<widget config="WG Preview"/>
						<widget config="WG Properties"/>
					</content>
				</tab-container>
			</content>
		</border-layout-container>
	</space>
</root>