<?xml version="1.0" encoding="utf-8"?>
<root xmlns:xsi="http://www.w3.org/2001/XMLSchema-instance" xsi:noNamespaceSchemaLocation="SpaceSchema.xsd">
	<space>
		<border-layout-container>
			<data>
				<border-layout-data layoutregion="WEST" maxSize="500" minSize="150" size="400" split="true"/>
				<border-layout-data layoutregion="CENTER" split="true"/>
				<border-layout-data layoutregion="SOUTH" split="true"/>
				<border-layout-data layoutregion="EAST" maxSize="500" minSize="150" size="400" split="true"/>
			</data>
			<content>
				<tab-container>
					<content>
						<widget config="WG WF Task Folders"/>
					</content>
				</tab-container>
				<tab-container>
					<content>
						<widget config="WG WF Task List"/>
					</content>
				</tab-container>
				<tab-container>
					<content>
						<widget config="WG WF Task Attachment"/>
						<widget config="WG WF Task Notes"/>
						<widget config="WG WF Task Performers"/>
						<widget config="Document Preview - Tasks View CSR"/>
						<widget config="WG Properties"/>
						<widget config="WG Relations"/>
						<widget config="WG Audit"/>
					</content>
				</tab-container>
				<widget config="WG WF Task Details"/>
			</content>
		</border-layout-container>
	</space>
</root>