<?xml version="1.0" encoding="utf-8"?>
<root xmlns:xsi="http://www.w3.org/2001/XMLSchema-instance" xsi:noNamespaceSchemaLocation="SpaceSchema.xsd">
	<space>
		<border-layout-container>
			<data>
				<border-layout-data layoutregion="WEST" maxSize="400" minSize="150" size="400" split="true"/>
				<border-layout-data layoutregion="CENTER" split="true"/>
			</data>
			<content>
				<border-layout-container>
					<data>
						<border-layout-data layoutregion="NORTH" size="200" split="true"/>
						<border-layout-data layoutregion="CENTER" split="true"/>
					</data>
					<content>
						<tab-container>
							<content>
								<widget config="WG WF Task List"/>
							</content>
						</tab-container>
						<tab-container>
							<content>
								<widget config="WG WF Task Attachment"/>
								<widget config="WG WF Task Details"/>
								<widget config="WG WF Task Notes"/>
							</content>
						</tab-container>
					</content>
				</border-layout-container>
				<border-layout-container>
					<data>
						<border-layout-data layoutregion="NORTH" size="200" split="true"/>
						<border-layout-data layoutregion="CENTER" split="true"/>
					</data>
					<content>
						<tab-container>
							<content>
								<widget config="Document Preview - Tasks View CSR"/>
							</content>
						</tab-container>
						<tab-container>
							<content>
								<widget config="WG Properties"/>
								<widget config="WG Relations"/>
							</content>
						</tab-container>
					</content>
				</border-layout-container>
			</content>
		</border-layout-container>
	</space>
</root>