<?xml version="1.0" encoding="utf-8"?>
<root xmlns:xsi="http://www.w3.org/2001/XMLSchema-instance" xsi:noNamespaceSchemaLocation="SpaceSchema.xsd">
	<space>
		<border-layout-container>
			<data>
				<border-layout-data layoutregion="WEST" maxSize="500" minSize="150" size="360" split="true"/>
				<border-layout-data layoutregion="CENTER" split="true"/>
			</data>
			<content>
				<accordion-container>
					<content>
						<widget config="WG Docbase browser"/>
						<widget config="WG Predefined search"/>
						<widget config="WG Favorites"/>
						<widget config="WG Checkout"/>
					</content>
				</accordion-container>
				<border-layout-container>
					<data>
						<border-layout-data layoutregion="NORTH" size="55" split="false"/>
						<border-layout-data layoutregion="CENTER" split="true"/>
						<border-layout-data layoutregion="SOUTH" maxSize="500" minSize="50" size="200" split="true"/>
					</data>
					<content>
						<widget config="WG Quick search"/>
						<tab-container>
							<content>
								<widget config="WG Doclist"/>
								<widget config="WG EXT LSCI LSS Doc Viewer (Browse)"/>
								<widget config="WG Properties"/>
							</content>
						</tab-container>
						<tab-container>
							<content>
								<widget config="WG Locations"/>
								<widget config="WG Versions"/>
								<widget config="WG Renditions"/>
								<widget config="WG Relations"/>
								<widget config="WG Audit"/>
								<widget config="WG WF Overview"/>
							</content>
						</tab-container>
					</content>
				</border-layout-container>
			</content>
		</border-layout-container>
	</space>
</root>